synonym,members
M-ALL-4X2-MDLS,"RH61A00, SA64700, MA05500, LT62A00"
M-ALL-6X2-MDLS,"RH61T00, LT62T00"
M-ALL-6X4-MDLS,"LT62F00, RH61F00"
M-ALL-BUS-BODY-MDLS,"PC11000, PB11000, PB10500, PB30500, PC30500, PC10500, PB11E00, PC11E00, PB10E00"
M-ALL-DA1,"HX62X00, LT61600, HX52X00, LT62500, LT62E00"
M-ALL-DA1-DIESEL,"HX62X00, LT61600, HX52X00, LT62500"
M-ALL-DA1-TRUCK,"HX62X00, LT61600, HX52X00, LT62500, LT62E00"
M-ALL-HRZN-TRUCK,"HV50700, HV51300, HV60700, HV50B00, RH61A00, LT62F00, RH61T00, MV60H00, RH61F00, MV60700, LT62A00, LT62T00, HV61300, HV61500, HV50900, HV51500, HV60900, MV60E00, HV60G00"
M-CE,"PC11000, PB11000, PB11E00, PC11E00"
M-CE-ELECTRIC,"PB11E00, PC11E00"
M-CE-N/ELECTRIC,"PC11000, PB11000"
M-HRZN,"RH61A00, LT62F00, RH61T00, RH61F00, LT62A00, LT62T00"
M-HRZN-113,"RH61A00, RH61T00, RH61F00"
M-HRZN-125,"LT62F00, LT62A00, LT62T00"
M-HRZN-DIESEL,"RH61A00, LT62F00, RH61T00, RH61F00, LT62A00, LT62T00"
M-HV,"HV50700, HV51300, HV60700, HV50B00, HV61300, HV61500, HV50900, HV51500, HV60900, HV60G00"
M-HV-107-HD,HV60G00
M-HV-107-MD,"HV50700, HV60700, HV50B00"
M-HV-109,"HV50900, HV60900"
M-HV-115,"HV61500, HV51500"
M-HX,"HX62000, HX52000"
M-HX-DA1,"HX62X00, HX52X00"
M-LT-DA1,"LT61600, LT62500, LT62E00"
M-LT-DA1-116,LT61600
M-LT-DA1-125,LT62500
M-LT-DA1-DIESEL,"LT61600, LT62500"
M-LT-DA1-DIESEL-116,LT61600
M-LT-DA1-ELEC,LT62E00
M-MV,"PC51500, MV60H00, MV60700, PC51E00, MV60E00"
M-MV-DIESEL,"PC51500, MV60H00, MV60700"
M-MV-ELECTRIC,"PC51E00, MV60E00"
M-MV/HV-PARTL-CABS,"533C100, 534C100"
M-MV/HV-SHELL-CABS,"044C100, 043C100"
M-MV/HV-SRVC-CABS,"044C100, 533C100, 534C100, 043C100"
M-NGV-PARTL-CABS,"513C100, 514C100, 515C100"
M-NGV-SHELL-CABS,"025C100, 026C100, 027C100, 028C100, 029C100"
M-RH-DIESEL,"RH61A00, RH61T00, RH61F00"
M-VISTA,"GM51500, GM51P00, CV51500, PC81500"
